-- phpMyAdmin SQL Dump
-- version 4.9.1
-- https://www.phpmyadmin.net/
--
-- Host: localhost
-- Generation Time: Jun 04, 2020 at 03:51 AM
-- Server version: 8.0.17
-- PHP Version: 7.3.10

SET SQL_MODE = "NO_AUTO_VALUE_ON_ZERO";
SET AUTOCOMMIT = 0;
START TRANSACTION;
SET time_zone = "+00:00";


/*!40101 SET @OLD_CHARACTER_SET_CLIENT=@@CHARACTER_SET_CLIENT */;
/*!40101 SET @OLD_CHARACTER_SET_RESULTS=@@CHARACTER_SET_RESULTS */;
/*!40101 SET @OLD_COLLATION_CONNECTION=@@COLLATION_CONNECTION */;
/*!40101 SET NAMES utf8mb4 */;

--
-- Database: `cpac`
--

-- --------------------------------------------------------

--
-- Table structure for table `carts`
--

CREATE TABLE `carts` (
  `id` int(11) NOT NULL,
  `product_id` int(11) NOT NULL,
  `pname` varchar(200) NOT NULL,
  `cid` int(11) NOT NULL,
  `price` int(11) NOT NULL,
  `notation` varchar(200) NOT NULL,
  `quantity` int(11) NOT NULL,
  `pstatus` varchar(50) NOT NULL,
  `pimage` varchar(200) NOT NULL
) ENGINE=InnoDB DEFAULT CHARSET=utf8;

--
-- Dumping data for table `carts`
--

INSERT INTO `carts` (`id`, `product_id`, `pname`, `cid`, `price`, `notation`, `quantity`, `pstatus`, `pimage`) VALUES
(106, 0, '', 0, 0, '', 0, '', ''),
(107, 1, 'กล่องล่าง', 0, 200, '', 0, '', ''),
(108, 1, 'กล่องล่าง', 0, 200, '', 0, '', ''),
(109, 1, 'กล่องล่าง', 0, 200, '', 0, '', ''),
(110, 1, 'กล่องล่าง', 0, 200, '', 1, '', ''),
(111, 1, 'กล่องล่าง', 0, 200, '', 1, '', ''),
(112, 1, 'กล่องล่าง', 0, 200, '', 1, '', ''),
(113, 1, 'กล่องล่าง', 0, 200, '', 1, '', ''),
(114, 1, 'กล่องล่าง', 0, 200, '', 1, '', ''),
(115, 1, 'กล่องล่าง', 0, 200, '', 1, '', ''),
(116, 1, 'กล่องล่าง', 0, 200, '', 1, '', ''),
(117, 2, 'บูมท่อนโคน /1 ท่อน', 0, 150, '', 1, '', ''),
(118, 1, 'กล่องล่าง', 0, 200, '', 1, '', ''),
(119, 1, 'กล่องล่าง', 0, 200, '', 1, '', ''),
(120, 1, 'กล่องล่าง', 0, 200, '', 1, '', ''),
(121, 6, 'บูมท่อนกลาง/1ท่อน', 0, 0, '', 1, '', ''),
(122, 8, 'กรอบครอบประตูหน้าต่าง( Set )', 0, 0, '', 1, '', ''),
(123, 1, 'กล่องล่าง', 0, 200, '', 1, '', ''),
(124, 1, 'กล่องล่าง', 0, 200, '', 1, '', ''),
(125, 1, 'กล่องล่าง', 0, 200, '', 1, '', ''),
(126, 1, 'กล่องล่าง', 0, 200, '', 1, '', ''),
(127, 1, 'กล่องล่าง', 0, 200, '', 1, '', ''),
(128, 1, 'กล่องล่าง', 0, 200, '', 1, '', ''),
(129, 2, 'บูมท่อนโคน /1 ท่อน', 0, 150, '', 1, '', ''),
(130, 2, 'บูมท่อนโคน /1 ท่อน', 0, 150, '', 1, '', ''),
(131, 1, 'กล่องล่าง', 0, 200, '', 0, '', ''),
(132, 2, 'บูมท่อนโคน /1 ท่อน', 0, 150, '', 0, '', ''),
(133, 1, 'กล่องล่าง', 0, 200, '', 0, '', ''),
(134, 1, 'กล่องล่าง', 0, 200, '', 0, '', ''),
(135, 1, 'กล่องล่าง', 0, 200, '', 0, '', ''),
(136, 1, 'กล่องล่าง', 0, 200, '', 0, '', ''),
(137, 1, 'กล่องล่าง', 0, 200, '', 0, '', ''),
(138, 1, 'กล่องล่าง', 0, 200, '', 1, '', ''),
(139, 2, 'บูมท่อนโคน /1 ท่อน', 0, 150, '', 1, '', ''),
(140, 1, 'กล่องล่าง', 0, 200, '', 1, '', ''),
(141, 1, 'กล่องล่าง', 0, 200, '', 1, '', ''),
(142, 1, 'กล่องล่าง', 0, 200, '', 1, '', ''),
(143, 1, 'กล่องล่าง', 0, 200, '', 1, '', ''),
(144, 1, 'กล่องล่าง', 0, 200, '', 1, '', ''),
(145, 1, 'กล่องล่าง', 0, 200, '', 1, '', ''),
(146, 1, 'กล่องล่าง', 0, 200, '', 1, '', ''),
(147, 1, 'กล่องล่าง', 0, 200, '', 1, '', ''),
(148, 2, 'บูมท่อนโคน /1 ท่อน', 0, 150, '', 1, '', ''),
(149, 2, 'บูมท่อนโคน /1 ท่อน', 0, 150, '', 1, '', ''),
(150, 12, 'มอเตอร์ลาก/ยก', 0, 0, '', 1, '', ''),
(151, 1, 'กล่องล่าง', 0, 200, '', 1, '', ''),
(152, 1, 'กล่องล่าง', 0, 200, '', 1, '', ''),
(153, 1, 'กล่องล่าง', 0, 200, '', 1, '', ''),
(154, 1, 'กล่องล่าง', 0, 200, '', 1, '', ''),
(155, 1, 'กล่องล่าง', 0, 200, '', 1, '', ''),
(156, 1, 'กล่องล่าง', 0, 200, '', 1, '', ''),
(157, 1, 'กล่องล่าง', 0, 200, '', 1, '', ''),
(158, 1, 'กล่องล่าง', 0, 200, '', 1, '', ''),
(159, 1, 'กล่องล่าง', 0, 200, '', 1, '', ''),
(160, 1, 'กล่องล่าง', 0, 200, '', 1, '', ''),
(161, 1, 'กล่องล่าง', 0, 200, '', 1, '', ''),
(162, 1, 'กล่องล่าง', 0, 200, '', 1, '', ''),
(163, 1, 'กล่องล่าง', 0, 200, '', 1, '', ''),
(164, 1, 'กล่องล่าง', 0, 200, '', 1, '', ''),
(165, 1, 'กล่องล่าง', 0, 200, '', 1, '', ''),
(166, 1, 'กล่องล่าง', 0, 200, '', 1, '', ''),
(167, 1, 'กล่องล่าง', 0, 200, '', 1, '', ''),
(168, 1, 'กล่องล่าง', 0, 200, '', 1, '', ''),
(169, 2, 'บูมท่อนโคน /1 ท่อน', 0, 150, '', 1, '', ''),
(170, 1, 'กล่องล่าง', 0, 200, '', 1, '', ''),
(171, 1, 'กล่องล่าง', 0, 200, '', 1, '', ''),
(172, 2, 'บูมท่อนโคน /1 ท่อน', 0, 150, '', 1, '', ''),
(173, 1, 'กล่องล่าง', 0, 200, '', 1, '', ''),
(174, 1, 'กล่องล่าง', 0, 200, '', 1, '', ''),
(175, 1, 'กล่องล่าง', 0, 200, '', 1, '', ''),
(176, 1, 'กล่องล่าง', 0, 200, '', 1, '', ''),
(177, 1, 'กล่องล่าง', 0, 200, '', 1, '', ''),
(178, 1, 'กล่องล่าง', 0, 200, '', 1, '', ''),
(179, 1, 'กล่องล่าง', 0, 200, '', 1, '', ''),
(180, 1, 'กล่องล่าง', 0, 200, '', 1, '', ''),
(181, 1, 'กล่องล่าง', 0, 200, '', 1, '', ''),
(182, 1, 'กล่องล่าง', 0, 200, '', 1, '', ''),
(183, 1, 'กล่องล่าง', 0, 200, '', 1, '', ''),
(184, 1, 'กล่องล่าง', 0, 200, '', 1, '', ''),
(185, 1, 'กล่องล่าง', 0, 200, '', 1, '', ''),
(186, 1, 'กล่องล่าง', 0, 200, '', 1, '', ''),
(187, 1, 'กล่องล่าง', 0, 200, '', 1, '', ''),
(188, 2, 'บูมท่อนโคน /1 ท่อน', 0, 150, '', 1, '', ''),
(189, 1, 'กล่องล่าง', 0, 200, '', 1, '', ''),
(190, 1, 'กล่องล่าง', 0, 200, '', 1, '', ''),
(191, 1, 'กล่องล่าง', 0, 200, '', 1, '', ''),
(192, 1, 'กล่องล่าง', 0, 200, '', 1, '', ''),
(193, 1, 'กล่องล่าง', 0, 200, '', 1, '', ''),
(194, 1, 'กล่องล่าง', 0, 200, '', 1, '', ''),
(195, 1, 'กล่องล่าง', 0, 200, '', 1, '', ''),
(196, 1, 'กล่องล่าง', 0, 200, '', 1, '', ''),
(197, 1, 'กล่องล่าง', 0, 200, '', 1, '', ''),
(198, 1, 'กล่องล่าง', 0, 200, '', 1, '', ''),
(199, 1, 'กล่องล่าง', 0, 200, '', 1, '', ''),
(200, 6, 'บูมท่อนกลาง/1ท่อน', 0, 0, '', 1, '', ''),
(201, 1, 'กล่องล่าง', 0, 200, '', 1, '', ''),
(202, 1, 'กล่องล่าง', 0, 200, '', 1, '', ''),
(203, 2, 'บูมท่อนโคน /1 ท่อน', 0, 150, '', 1, '', ''),
(204, 1, 'กล่องล่าง', 0, 200, '', 1, '', ''),
(205, 1, 'กล่องล่าง', 0, 200, '', 1, '', ''),
(206, 1, 'กล่องล่าง', 0, 200, '', 1, '', ''),
(207, 1, 'กล่องล่าง', 0, 200, '', 1, '', ''),
(208, 1, 'กล่องล่าง', 0, 200, '', 1, '', ''),
(209, 1, 'กล่องล่าง', 0, 200, '', 1, '', ''),
(210, 1, 'กล่องล่าง', 0, 200, '', 1, '', ''),
(211, 14, 'มอเตอร์ยกบูม', 0, 0, '', 1, '', ''),
(212, 6, 'บูมท่อนกลาง/1ท่อน', 0, 0, '', 1, '', ''),
(213, 2, 'บูมท่อนโคน /1 ท่อน', 0, 150, '', 1, '', ''),
(214, 2, 'บูมท่อนโคน /1 ท่อน', 0, 150, '', 1, '', ''),
(215, 1, 'กล่องล่าง', 0, 200, '', 1, '', ''),
(216, 6, 'บูมท่อนกลาง/1ท่อน', 0, 0, '', 1, '', ''),
(217, 1, 'กล่องล่าง', 0, 200, '', 1, '', ''),
(218, 7, 'บูมท่อนปลาย', 0, 0, '', 1, '', ''),
(219, 1, 'กล่องล่าง', 0, 200, '', 1, '', ''),
(220, 2, 'บูมท่อนโคน /1 ท่อน', 0, 150, '', 1, '', ''),
(221, 1, 'กล่องล่าง', 0, 200, '', 1, '', ''),
(222, 6, 'บูมท่อนกลาง/1ท่อน', 0, 0, '', 1, '', ''),
(223, 1, 'กล่องล่าง', 0, 200, '', 1, '', ''),
(224, 2, 'บูมท่อนโคน /1 ท่อน', 0, 150, '', 1, '', ''),
(225, 2, 'บูมท่อนโคน /1 ท่อน', 0, 150, '', 1, '', ''),
(226, 1, 'กล่องล่าง', 0, 200, '', 1, '', ''),
(227, 2, 'บูมท่อนโคน /1 ท่อน', 0, 150, '', 1, '', ''),
(228, 2, 'บูมท่อนโคน /1 ท่อน', 0, 150, '', 1, '', ''),
(229, 7, 'บูมท่อนปลาย', 0, 0, '', 1, '', ''),
(230, 1, 'กล่องล่าง', 0, 200, '', 1, '', ''),
(231, 2, 'บูมท่อนโคน /1 ท่อน', 0, 150, '', 1, '', ''),
(232, 2, 'บูมท่อนโคน /1 ท่อน', 0, 150, '', 1, '', ''),
(233, 7, 'บูมท่อนปลาย', 0, 0, '', 1, '', ''),
(234, 7, 'บูมท่อนปลาย', 0, 0, '', 1, '', ''),
(235, 1, 'กล่องล่าง', 0, 200, '', 1, '', ''),
(236, 1, 'กล่องล่าง', 0, 200, '', 1, '', ''),
(237, 2, 'บูมท่อนโคน /1 ท่อน', 0, 150, '', 1, '', ''),
(238, 1, 'กล่องล่าง', 0, 200, '', 1, '', ''),
(239, 2, 'บูมท่อนโคน /1 ท่อน', 0, 150, '', 1, '', ''),
(240, 6, 'บูมท่อนกลาง/1ท่อน', 0, 0, '', 1, '', ''),
(241, 2, 'บูมท่อนโคน /1 ท่อน', 0, 150, '', 1, '', ''),
(242, 11, 'โรลลากกระบะ', 0, 0, '', 1, '', ''),
(243, 2, 'บูมท่อนโคน /1 ท่อน', 0, 150, '', 1, '', ''),
(244, 2, 'บูมท่อนโคน /1 ท่อน', 0, 150, '', 1, '', ''),
(245, 2, 'บูมท่อนโคน /1 ท่อน', 0, 150, '', 1, '', ''),
(246, 6, 'บูมท่อนกลาง/1ท่อน', 0, 0, '', 1, '', ''),
(247, 7, 'บูมท่อนปลาย', 0, 0, '', 1, '', ''),
(248, 7, 'บูมท่อนปลาย', 0, 0, '', 1, '', ''),
(249, 8, 'กรอบครอบประตูหน้าต่าง( Set )', 0, 0, '', 1, '', ''),
(250, 8, 'กรอบครอบประตูหน้าต่าง( Set )', 0, 0, '', 1, '', ''),
(251, 7, 'บูมท่อนปลาย', 0, 0, '', 1, '', ''),
(252, 7, 'บูมท่อนปลาย', 0, 0, '', 1, '', ''),
(253, 7, 'บูมท่อนปลาย', 0, 0, '', 1, '', ''),
(254, 2, 'บูมท่อนโคน /1 ท่อน', 0, 150, '', 1, '', ''),
(255, 2, 'บูมท่อนโคน /1 ท่อน', 0, 150, '', 1, '', ''),
(256, 2, 'บูมท่อนโคน /1 ท่อน', 0, 150, '', 1, '', ''),
(257, 6, 'บูมท่อนกลาง/1ท่อน', 0, 0, '', 1, '', ''),
(258, 6, 'บูมท่อนกลาง/1ท่อน', 0, 0, '', 1, '', ''),
(259, 6, 'บูมท่อนกลาง/1ท่อน', 0, 0, '', 1, '', ''),
(260, 8, 'กรอบครอบประตูหน้าต่าง( Set )', 0, 0, '', 1, '', ''),
(261, 10, 'ระบบควบคุมไฟฟ้า', 0, 0, '', 1, '', ''),
(262, 8, 'กรอบครอบประตูหน้าต่าง( Set )', 0, 0, '', 1, '', ''),
(263, 15, 'โครงรอกหน้าเก๋งทั้งชุด', 0, 0, '', 1, '', ''),
(264, 15, 'โครงรอกหน้าเก๋งทั้งชุด', 0, 0, '', 1, '', ''),
(265, 6, 'บูมท่อนกลาง/1ท่อน', 0, 0, '', 1, '', ''),
(266, 7, 'บูมท่อนปลาย', 0, 0, '', 1, '', ''),
(267, 13, 'มอเตอร์สวิง', 0, 0, '', 1, '', ''),
(268, 7, 'บูมท่อนปลาย', 0, 0, '', 1, '', ''),
(269, 12, 'มอเตอร์ลาก/ยก', 0, 0, '', 1, '', ''),
(270, 12, 'มอเตอร์ลาก/ยก', 0, 0, '', 1, '', ''),
(271, 10, 'ระบบควบคุมไฟฟ้า', 0, 0, '', 1, '', ''),
(272, 1, 'กล่องล่าง', 0, 200, '', 1, '', ''),
(273, 2, 'บูมท่อนโคน /1 ท่อน', 0, 150, '', 1, '', ''),
(274, 9, 'พื้นเครื่องลากพร้อมส่วนประกอบโครงรับ', 0, 0, '', 1, '', ''),
(275, 1, 'กล่องล่าง', 0, 200, '', 1, '', ''),
(276, 2, 'บูมท่อนโคน /1 ท่อน', 0, 150, '', 1, '', '');

-- --------------------------------------------------------

--
-- Table structure for table `categories`
--

CREATE TABLE `categories` (
  `CategoryId` int(11) NOT NULL,
  `CategoryName` varchar(200) NOT NULL
) ENGINE=InnoDB DEFAULT CHARSET=utf8;

--
-- Dumping data for table `categories`
--

INSERT INTO `categories` (`CategoryId`, `CategoryName`) VALUES
(1, 'เครื่องลาก'),
(2, 'ระบบ Skip'),
(3, 'Mixer (BHS)'),
(4, 'เครื่องชั่งพร้อมอุปกรณ์'),
(5, 'ชานทางเดินพร้อมราวกันตก/เมตร'),
(6, 'ชานทางเดินพร้อมกระดูกรับ'),
(7, 'บันไดเครื่องจักรพร้อมราวกันตก/เมตร'),
(8, 'ชานวัดซีเมนต์ผงพร้อม Life Line กว้าง 80 ซม. / เมตร'),
(9, 'ลำสกรูซีเมนต์ ( WAM )'),
(10, 'งานทำสีเครื่องจักร / ตรม.\r\n'),
(11, 'อุปกรณ์ Safety/Sensor ระบบไฟฟ้า'),
(12, 'โปรแกรมควบคุมการผลิต');

-- --------------------------------------------------------

--
-- Table structure for table `products`
--

CREATE TABLE `products` (
  `ProductId` int(11) NOT NULL,
  `ProductName` varchar(200) CHARACTER SET utf8 COLLATE utf8_general_ci DEFAULT NULL,
  `CategoryId` int(11) DEFAULT NULL,
  `UnitPrice` int(10) DEFAULT NULL,
  `notation` varchar(200) CHARACTER SET utf8 COLLATE utf8_general_ci DEFAULT NULL,
  `ProductStatus` varchar(50) CHARACTER SET utf8 COLLATE utf8_general_ci DEFAULT NULL,
  `ProductImage` varchar(200) CHARACTER SET utf8 COLLATE utf8_general_ci DEFAULT NULL
) ENGINE=InnoDB DEFAULT CHARSET=utf8;

--
-- Dumping data for table `products`
--

INSERT INTO `products` (`ProductId`, `ProductName`, `CategoryId`, `UnitPrice`, `notation`, `ProductStatus`, `ProductImage`) VALUES
(1, 'กล่องล่าง', 1, 200, 'ราคาขายทั้งหัวลาก (ไม่รวมค่าแรงติดตั้ง)', 'พร้อมส่ง', 'https://sv1.picz.in.th/images/2020/05/10/UascKu.jpg'),
(2, 'บูมท่อนโคน /1 ท่อน', 1, 150, 'ราคาขายทั้งหัวลาก (ไม่รวมค่าแรงติดตั้ง)', NULL, 'https://sv1.picz.in.th/images/2020/05/10/UasgPZ.jpg'),
(6, 'บูมท่อนกลาง/1ท่อน', 1, 0, NULL, NULL, 'https://sv1.picz.in.th/images/2020/05/10/Uasx3P.jpg'),
(7, 'บูมท่อนปลาย', 1, 0, NULL, NULL, 'https://sv1.picz.in.th/images/2020/05/10/Uasx3P.jpg'),
(8, 'กรอบครอบประตูหน้าต่าง( Set )', 1, 0, NULL, NULL, 'https://sv1.picz.in.th/images/2020/05/10/UasDmQ.jpg'),
(9, 'พื้นเครื่องลากพร้อมส่วนประกอบโครงรับ', 1, 0, NULL, NULL, 'https://sv1.picz.in.th/images/2020/05/10/Uassbn.jpg'),
(10, 'ระบบควบคุมไฟฟ้า', 1, 0, NULL, NULL, 'https://sv1.picz.in.th/images/2020/05/10/Uas2pg.jpg'),
(11, 'โรลลากกระบะ', 1, 0, NULL, NULL, 'https://sv1.picz.in.th/images/2020/05/10/UasGpa.jpg'),
(12, 'มอเตอร์ลาก/ยก', 1, 0, NULL, NULL, 'https://sv1.picz.in.th/images/2020/05/10/UasLNq.jpg'),
(13, 'มอเตอร์สวิง', 1, 0, NULL, NULL, 'https://sv1.picz.in.th/images/2020/05/10/UaseUz.jpg'),
(14, 'มอเตอร์ยกบูม', 1, 0, NULL, NULL, 'https://sv1.picz.in.th/images/2020/05/10/UasF0R.jpg'),
(15, 'โครงรอกหน้าเก๋งทั้งชุด', 1, 0, NULL, NULL, 'https://sv1.picz.in.th/images/2020/05/10/Uaa8e2.jpg'),
(16, 'กระบะ', 2, NULL, NULL, NULL, 'https://sv1.picz.in.th/images/2020/05/10/UaaaaD.jpg'),
(17, 'ราง Skip ทั้งชุด ( สองด้าน )', 2, NULL, NULL, NULL, 'https://sv1.picz.in.th/images/2020/05/10/UaaJnb.jpg'),
(18, 'โครงกรอบ / ประตู Safety (หน้าเครื่องชั่งหินทราย)', 2, NULL, NULL, NULL, 'https://sv1.picz.in.th/images/2020/05/10/Uaaedf.jpg'),
(19, 'ชุดหิ้วสลิง ( Slacrop )', 2, NULL, NULL, NULL, 'https://sv1.picz.in.th/images/2020/05/10/UaayPq.jpg'),
(20, 'มอเตอร์ Skip ทั้งชุด (รวมโรลม้วนสลิง )', 2, NULL, NULL, NULL, 'https://sv1.picz.in.th/images/2020/05/10/UaaFmz.jpg'),
(21, 'โหลดเซลพร้อมชุดหิ้ว (เครื่องชั่งหินทราย)', 2, NULL, NULL, NULL, 'https://sv1.picz.in.th/images/2020/05/10/UaptNN.jpg'),
(22, 'ชุดโครงเครื่องหินทรายทั้งชุด', 2, NULL, NULL, NULL, 'https://sv1.picz.in.th/images/2020/05/10/Uap1rQ.jpg'),
(23, 'ปากเกจหินทราย', 2, NULL, NULL, NULL, 'https://sv1.picz.in.th/images/2020/05/10/UapcZn.jpg'),
(25, 'ฝาหลังพร้อม Hopper และท่อน้ำ', 3, NULL, NULL, NULL, 'https://sv1.picz.in.th/images/2020/05/10/UapOrJ.jpg'),
(26, 'กระพ้อปล่อยคอนกรีต (ไม่รวมยาง)', 3, NULL, NULL, NULL, 'https://sv1.picz.in.th/images/2020/05/10/Uaplcf.jpg'),
(27, 'ซีลหัวเพลา / หัว ( SICOMA )', 3, NULL, NULL, NULL, 'https://sv1.picz.in.th/images/2020/05/10/Uaposa.jpg'),
(28, 'ซีลหัวเพลา / หัว ( BHS )', 3, NULL, NULL, NULL, 'https://sv1.picz.in.th/images/2020/05/10/UapDyq.jpg'),
(29, 'ซีลหัวเพลา / หัว ( ELBA )', 3, NULL, NULL, NULL, 'https://sv1.picz.in.th/images/2020/05/10/Uapsj8.jpg'),
(30, 'เกียร์มิกเซอร์( SOG )', 3, NULL, NULL, NULL, 'https://sv1.picz.in.th/images/2020/05/10/UapuB0.jpg'),
(31, 'กระบอกลมปากเกจ/กระบอก (BSH)', 3, NULL, NULL, NULL, 'https://sv1.picz.in.th/images/2020/05/10/Uap6Uu.jpg'),
(32, ' ชุด Powerpack ไฮดรอลิกปากเกจมิกเซอร์', 3, NULL, NULL, NULL, 'https://sv1.picz.in.th/images/2020/05/10/UapHcP.jpg'),
(76, '', NULL, 0, '', '', ''),
(77, 'test', 1, 500, '-', '-', 'C:\\fakepath\\3062756a297f1e3c22e35f3fe89b3ecc.jpg'),
(78, 'tedt1', 4, 1000, '-', 'พร้อมส่ง', '');

-- --------------------------------------------------------

--
-- Table structure for table `users`
--

CREATE TABLE `users` (
  `userid` int(11) NOT NULL,
  `firstname` varchar(200) NOT NULL,
  `lastname` varchar(200) NOT NULL,
  `gender` varchar(10) NOT NULL,
  `age` varchar(11) NOT NULL,
  `email` varchar(300) NOT NULL,
  `password` varchar(500) CHARACTER SET utf8 COLLATE utf8_general_ci NOT NULL,
  `phone` varchar(10) NOT NULL,
  `status` varchar(10) NOT NULL
) ENGINE=InnoDB DEFAULT CHARSET=utf8;

--
-- Dumping data for table `users`
--

INSERT INTO `users` (`userid`, `firstname`, `lastname`, `gender`, `age`, `email`, `password`, `phone`, `status`) VALUES
(45, 'test1', 'test1', 'หญิง', '21', 'nantest1234@gmail.com', '$2b$10$b6BDpVkPpKNvo1.NzxVauOXP8oQF3t8sHa3umaKo6aoi7sZ9asP76', '091 021 36', 'admin'),
(46, 'test2', 'test2', 'ชาย', '20', 'testtest@gmail.com', '$2b$10$3e0VoXlp8RjeyaYteEf2L.RW7zKJ34D7YPFn330Z9ktpNTUG30Tqu', '02 000 000', 'user'),
(47, 'test1', 'test1', 'หญิง', '21', 'user@gmail.com', '$2b$10$k.hcN1MMRbsMIe3txYvNvuZP1Fyw/ENttZMfYDUN2rGh6dNLab6IS', '080 000 00', 'user');

--
-- Indexes for dumped tables
--

--
-- Indexes for table `carts`
--
ALTER TABLE `carts`
  ADD PRIMARY KEY (`id`);

--
-- Indexes for table `categories`
--
ALTER TABLE `categories`
  ADD PRIMARY KEY (`CategoryId`);

--
-- Indexes for table `products`
--
ALTER TABLE `products`
  ADD PRIMARY KEY (`ProductId`),
  ADD KEY `CategoryId` (`CategoryId`);

--
-- Indexes for table `users`
--
ALTER TABLE `users`
  ADD PRIMARY KEY (`userid`);

--
-- AUTO_INCREMENT for dumped tables
--

--
-- AUTO_INCREMENT for table `carts`
--
ALTER TABLE `carts`
  MODIFY `id` int(11) NOT NULL AUTO_INCREMENT, AUTO_INCREMENT=277;

--
-- AUTO_INCREMENT for table `categories`
--
ALTER TABLE `categories`
  MODIFY `CategoryId` int(11) NOT NULL AUTO_INCREMENT, AUTO_INCREMENT=14;

--
-- AUTO_INCREMENT for table `products`
--
ALTER TABLE `products`
  MODIFY `ProductId` int(11) NOT NULL AUTO_INCREMENT, AUTO_INCREMENT=79;

--
-- AUTO_INCREMENT for table `users`
--
ALTER TABLE `users`
  MODIFY `userid` int(11) NOT NULL AUTO_INCREMENT, AUTO_INCREMENT=48;

--
-- Constraints for dumped tables
--

--
-- Constraints for table `products`
--
ALTER TABLE `products`
  ADD CONSTRAINT `fk_CategoryId` FOREIGN KEY (`CategoryId`) REFERENCES `categories` (`CategoryId`) ON UPDATE CASCADE;
COMMIT;

/*!40101 SET CHARACTER_SET_CLIENT=@OLD_CHARACTER_SET_CLIENT */;
/*!40101 SET CHARACTER_SET_RESULTS=@OLD_CHARACTER_SET_RESULTS */;
/*!40101 SET COLLATION_CONNECTION=@OLD_COLLATION_CONNECTION */;
